qc_id,fid,objectid,nome,tipo,descrizion,icon_url
"193","194","1256",CAMPIARO,Emergenza culturale,CASA DI GIORGIO MORANDI,./0.png
"0","1","3983",CASCATA DEL RIO BANDITE,Aspetto geologico o geomorfologico,CASCATA ALLA CONFLUENZA NEL TORRENTE ZENA,./1.png
"1","2","3998",MONTE GURLANO,Aspetto geologico o geomorfologico,AFFIORAMENTO ROCCIOSO OFIOLITICO,./1.png
"2","3","4005",SASSO DELLA MANTESCA,Aspetto geologico o geomorfologico,AFFIORAMENTO ROCCIOSO OFIOLITICO,./1.png
"3","4","4312",RIO ZAFFERINO,Aspetto geologico o geomorfologico,GOLA INCISA TRA POTENTI STRATI ARENACEI,./1.png
"4","5","4358",CALANCHI DI BELLARIA,Aspetto geologico o geomorfologico,FORME DI EROSIONE METEORICA IN ARGILLE,./1.png
"5","6","4371",MONTE ADONE,Aspetto geologico o geomorfologico,FORME DI EROSIONE EOLICA SU ARENARIE,./1.png
"6","7","4713",SASSI,Aspetto geologico o geomorfologico,CONGLOMERATI E SABBIE DEL CONTRAFFORTE PLIOCENICO (3-4 MILIONI DI ANNI),./1.png
"7","8","4733",BUCA DI RONZANA,Aspetto geologico o geomorfologico,VALLE CIECA SBARRATA DAL COSTONE GESSOSO CHE LA DIVIDE DALLA BUCA DI GAIBOLA. LA FAVOREVOLE ESPOSIZIONE A SUD DELLA PARETE ROCCIOSA PERMETTE L'INSEDIAMENTO DI SPECIE VEGETALI MEDITERRANEE,./1.png
"8","9","4741",DOLINA DELLA SPIPOLA,Aspetto geologico o geomorfologico,SISTEMA CARSICO IN GESSO TRA I PIU' ESTESI D'EUROPA,./1.png
"9","10","4747",CALANCHI DELL'ABBADESSA,Aspetto geologico o geomorfologico,FORME DI EROSIONE METEORICA IN ARGILLE CRETACICHE,./1.png
"10","11","4750",CALANCHI DI MONTERONE,Aspetto geologico o geomorfologico,FORME DI EROSIONE METEORICA IN ARGILLE CRETACICHE,./1.png
"11","12","2430",CALANCHI DI MONTEMAGGIORE,Aspetto geologico o geomorfologico,FORME DI EROSIONE METEORICA IN ARGILLE,./1.png
"12","13","2746",AFFIORAMENTO DI SAN  GIUSEPPE,Aspetto geologico o geomorfologico,AFFIORAMENTO FOSSILIFERO DI ETA' PLIOCENICA (4-5 MILIONI DI ANNI),./1.png
"13","14","445",CALANCHI DI CA' BALADELLI,Aspetto geologico o geomorfologico,FORME DI EROSIONE METEORICA IN ARGILLE PLIOCENICHE,./1.png
"14","15","2111",ALTOPIANO DI MISERAZZANO,Aspetto geologico o geomorfologico,"SEQUENZA DI PICCOLE DOLINE, INGHIOTTITOI, DOSSI GESSOSI E NUMEROSE BOLLE DI SCOLLAMENTO. TIPICA VEGETAZIONE GESSOSA ARRICCHITA DA ARBUSTI MEDITERRANEI",./1.png
"15","16","2112",PALESTRINA,Aspetto geologico o geomorfologico,"PARETI DI UN'ANTICA CAVA, FORSE DI ORIGINE ROMANA, COSTITUITE DA CRISTALLI DI GESSO A 'CODA DI RONDINE'",./1.png
"16","17","2113",GROTTA DEL FARNETO,Aspetto geologico o geomorfologico,SCOPERTA NEL 1871 E' UNA DELLE PIU' GRANDI DEL PARCO E COSTITUISCE UN IMPORTANTE SITO ARCHEOLOGICO NEOLITICO,./1.png
"142","143","4359",AMOLA,Emergenza architettonica,CHIESA SETTECENTESCA,./0.png
"17","18","2114",AFFIORAMENTI GESSOSI LUNGO IDICE,Aspetto geologico o geomorfologico,SUCCESSIONE COMPLETA DEGLI STRATI GESSOSI SEPARATI DA INTERSTRATI ARGILLOSI. PREGEVOLI FORME DI EROSIONE FLUVIALE,./1.png
"18","19","3246",CALANCHI DEL RIO PARAVIERE,Aspetto geologico o geomorfologico,"FORME DI EROSIONE METEORICHE SU ARGILLE E ARENARIE PLIOCENICHE (3,5-5 MILIONI DI ANNI)",./1.png
"19","20","2120",BUCA DELLE CANDELE,Aspetto geologico o geomorfologico,INGHIOTTITOIO LE CUI PARETI PRESENTANO FORME DI EROSIONE A CANDELA LEGATE AL RUSCELLAMENTO DELL'ACQUA PIOVANA,./1.png
"20","21","2121",BUCO DEI VINCHI,Aspetto geologico o geomorfologico,CAVITA' CON GALLERIE SUBORIZZONTALI DAL TIPICO PROFILO A U ROVESCIATA: I CANALI DI VOLTA,./1.png
"21","22","2122",BUCA DELL'INFERNO,Aspetto geologico o geomorfologico,DOLINA  CON NUMEROSI INGHIOTTITOI ACCESSORI. PRESENTI VERSO IL FONDO DELLA DOLINA ALCUNE SPECIE VEGETALI TIPICHE DI QUOTE PIU' ELEVATE,./1.png
"22","23","2124",CALANCHI DI CASOLA CANINA,Aspetto geologico o geomorfologico,FORME DI EROSIONE METEORICA IN ARGILLE CRETACICHE,./1.png
"23","24","2125",MONTE ARLIGO,Aspetto geologico o geomorfologico,AFFIORAMENTO DI ROCCE MARNOSE AL CUI INTERNO SONO PRESENTI ALCUNI LIVELLI DI CENERI VULCANICHE DATABILI TRA 23 E 24 MILIONI DI ANNI FA,./1.png
"24","25","2123",BUCA DELLA GAIBOLA,Aspetto geologico o geomorfologico,DOLINA  CON NUMEROSI INGHIOTTITOI ACCESSORI. PRESENTI VERSO IL FONDO DELLA DOLINA ALCUNE SPECIE VEGETALI TIPICHE DI QUOTE PIU' ELEVATE,./1.png
"25","26","1182",GROTTA DI LABANTE,Aspetto geologico o geomorfologico,GROTTA DI LABANTE,./1.png
"26","27","1220",CA' TERRE ROSSE,Aspetto geologico o geomorfologico,FORME DI EROSIONE METEORICA SU ARGILLE ROSSASTRE (CALANCHI),./1.png
"27","28","1250",VALLE DEL TORRENTE BRASIMONE,Aspetto geologico o geomorfologico,GOLA CON TORRI DI EROSIONE,./1.png
"28","29","1988",CALANCHI DI MONTADELLA,Aspetto geologico o geomorfologico,FORME DI EROSIONE METEORICA IN ARGILLE,./1.png
"29","30","3228",SAN ROCCO,Aspetto geologico o geomorfologico,AFFIORAMENTO ROCCIOSO OFIOLITICO,./1.png
"30","31","3617",LAGO DI CASTEL DELL'ALPI,Aspetto geologico o geomorfologico,LAGO DI FRANA,./1.png
"31","32","4045",TORRENTE MARANO,Aspetto geologico o geomorfologico,GOLA SCAVATA IN ROCCE ARENACEE,./1.png
"32","33","247",TANE DEL PAROLETTO,Aspetto geologico o geomorfologico,SERIE DI GROTTE,./1.png
"33","34","254",TORRENTE ANEVA,Aspetto geologico o geomorfologico,CASCATE,./1.png
"34","35","276",TANA UOMO SELVATICO,Aspetto geologico o geomorfologico,GROTTA - TANA UOMO SELVATICO,./1.png
"35","36","277",CASA DELLE FATE,Aspetto geologico o geomorfologico,PARETE ROCCIOSA,./1.png
"36","37","287",TANE DEL PAROLETTO,Aspetto geologico o geomorfologico,SERIE DI GROTTE,./1.png
"37","38","288",EMERGENZE MONOLITICHE,Aspetto geologico o geomorfologico,EMERGENZE MONOLITICHE,./1.png
"38","39","498",LASTRA DI FINOCCHIA,Aspetto geologico o geomorfologico,LASTRA DI FINOCCHIA,./1.png
"39","40","369",CASCATE DEL TORRENTE DARDAGNA,Aspetto geologico o geomorfologico,CASCATE,./1.png
"40","41","646",ORRIDO DI GEA,Aspetto geologico o geomorfologico,GOLA SCAVATA DAL TORRENTE GEA,./1.png
"41","42","444",SABBIONI DI CROARA,Rarita' botanica o vegetazionale,PINO D'ALEPPO DI NOTEVOLI DIMENSIONI,./2.png
"42","43","2470",MOLINO GRANDE,Rarita' botanica o vegetazionale,OASI FLUVIALE DI TUTELA DEL BOSCO IGROFILO,./2.png
"43","44","4848",CA' DEI MANDORLI,Rarita' botanica o vegetazionale,"EX ZONA DI CAVA IN AREA RIPARIALE DEL TORRENTE IDICE RINATURALIZZATA E LASCIATA ALL'EVOLUZIONE SPONTANEA DEL BOSCO IGROFILO, OFFRE RIFUGIO A DIVERSE SPECIE MIGRATORIE.",./2.png
"44","45","2118",CASTEL DE' BRITTI,Rarita' botanica o vegetazionale,ARBUSTI SEMPREVERDI DI ALATERNO CHE COMPAIONO SUI COSTONI GESSOSI CHE OSPITANO LA VECCHIA CHIESA E PARTE DEL VECCHIO BORGO,./2.png
"45","46","2126",SADURANO,Rarita' botanica o vegetazionale,MACCHIE DI LECCIO LUNGO LE PARETI ARENACEE DEL CONTRAFFORTE PLIOCENICO,./2.png
"46","47","271",POPOLAMENTO BETULLA,Rarita' botanica o vegetazionale,POPOLAMENTO SPONTANEO DI BETULLA,./2.png
"47","48","78",ROMBICIAIO,Rarita' botanica o vegetazionale,IMPONENTE FAGGIO SECOLARE DETTO ''FAGGIONE'',./2.png
"48","49","306",CASA MUSCHINI,Rarita' botanica o vegetazionale,CASTAGNO SECOLARE,./2.png
"49","50","925",PIAN COLORE',Rarita' botanica o vegetazionale,FAGGETA CON ALBERI SECOLARI,./2.png
"50","51","1213",BRAINE,Rarita' botanica o vegetazionale,MAESTOSO CASTAGNO SECOLARE,./2.png
"51","52","61",RAIGADA,Rarita' botanica o vegetazionale,CASTAGNETO SECOLARE,./2.png
"52","53","3205",BOSCO DI TURA,Rarita' botanica o vegetazionale,BOSCO DI CASTAGNI SECOLARI DA FRUTTO,./2.png
"53","54","3533",PARCO CHIESA VECCHIA,Rarita' botanica o vegetazionale,CASTAGNETO SECOLARE,./2.png
"54","55","3609",RIO DI CA' BRESCANDOLI,Rarita' botanica o vegetazionale,SIEPE DI AGRIFOGLIO,./2.png
"55","56","3618",FONTANABURA,Rarita' botanica o vegetazionale,FAGGI SECOLARI,./2.png
"56","57","3953",I FORNELLI,Rarita' botanica o vegetazionale,CERRI SECOLARI,./2.png
"57","58","3966",CASELLA,Rarita' botanica o vegetazionale,CERRO MONUMENTALE,./2.png
"58","59","4002",CASTAGNETO DI LA MARTINA,Rarita' botanica o vegetazionale,CASTAGNETO SECOLARE,./2.png
"59","60","4350",LA GUARDIA,Rarita' botanica o vegetazionale,OLIVI SECOLARI,./2.png
"60","61","4352",CASA GRANDE,Rarita' botanica o vegetazionale,QUERCIA SECOLARE,./2.png
"61","62","2352",MONTEVENTO,Rarita' botanica o vegetazionale,CASTAGNETO SECOLARE,./2.png
"62","63","4012",MONTEFUNE,Centro o nucleo storico,CHIESA DEL XVI SECOLO CON BORGO RURALE BEN CONSERVATO E CIMITERO,./3.png
"63","64","4313",IL RIO,Centro o nucleo storico,NUCLEO RURALE DI ORIGINE MEDIEVALE BEN CONSERVATO CON PRESENZA DI UNA TORRETTA,./3.png
"64","65","4330",TORRE DI IANO,Centro o nucleo storico,ANTICO BORGO CON TORRE,./3.png
"65","66","2535",LA VILLA,Centro o nucleo storico,PICCOLO NUCLEO DI ORIGINE TRECENTESCA CON CASA-TORRE,./3.png
"66","67","2854",VEGGIO,Centro o nucleo storico,BORGO D'IMPIANTO MEDIEVALE CON CHIESA SETTECENTESCA DI S.GIOVANNI,./3.png
"67","68","2867",LE MURAZZE,Centro o nucleo storico,"CASA-TORRE DEL '200 CON PORTALE, ORA TAMPONATO, ALL'ULTIMO PIANO",./3.png
"68","69","3242",LA CAPPELLA,Centro o nucleo storico,"NUCLEO RURALE DI ORIGINE CINQUECENTESCA CON CASA COLONICA, FORNO-POLLAIO, STALLA E FIENILE CON ROSONI DECORATIVI IN LATERIZIO",./3.png
"69","70","2370",CASTELLO DI SERRAVALLE,Centro o nucleo storico,BORGO MEDIOEVALE E CASTELLO DI FONDAZIONE DUECENTESCA,./3.png
"70","71","2421",VEDEGHETO,Centro o nucleo storico,BORGO RICCO DI CASE-TORRI E CON UNA CHIESA SETTECENTESCA,./3.png
"71","72","2424",VENOLA,Centro o nucleo storico,BORGO CON TORRE DEL XV SECOLO,./3.png
"72","73","2440",BADIA,Centro o nucleo storico,"COMPLESSO RELIGIOSO DEL XII-XIII SECOLO, RISTRUTTURATO NEL XV, COMPRENDENTE LA CHIESA, IL MONASTERO CON IL CHIOSTRO E UNA TORRE",./3.png
"73","74","2529",OLIVETO,Centro o nucleo storico,"GIA' CASTELLO NELL' XI SECOLO, CONSERVA LA CA' GRANDE DELL'EBREO DEL XIV-XV SECOLO E L'ORATORIO DELLA MADONNA DELLE GRAZIE QUATTROCENTESCO",./3.png
"74","75","2530",CA'  ROSSE,Centro o nucleo storico,COMPLESSO DI EDIFICI E PALAZZO SIGNORILE DEL '400,./3.png
"75","76","2531",CA' BERTU,Centro o nucleo storico,NUCLEO RURALE CARATTERIZZATO DALLA CASA TORRE DI ORIGINE TARDOMEDIEVALE,./3.png
"76","77","4824",GABBIANO,Centro o nucleo storico,"BORGO RURALE CINQUECENTESCO, LA PARTE PIU' ANTICA E' UN PORTALE MURATO A TUTTO SESTO DI ORIGINE TRECENTESCA",./3.png
"77","78","3281",CA' BENASSI,Centro o nucleo storico,BORGO D'IMPIANTO TRECENTESCO NELLA CUI PARTE ALTA SPICCA LA CASA TORRE,./3.png
"78","79","3282",CA' VEGGETTI,Centro o nucleo storico,BORGO MEDIOEVALE GIA' DOCUMENTATO NEL '400,./3.png
"79","80","3283",POGGIO,Centro o nucleo storico,BORGO MEDIEVALE GIA' DOCUMENTATO NEL '300 CON TORRE RISALENTE ALLA META' DEL '500,./3.png
"80","81","4038",RIO CANALI,Aspetto geologico o geomorfologico,ORRIDO SCAVATO IN ROCCE ARENACEE,./1.png
"81","82","80",RIO BARICELLO,Aspetto geologico o geomorfologico,CASCATA DELL'ACQUA CADUTA,./1.png
"82","83","608",GAGGIO MONTANO,Centro o nucleo storico,NUCLEO STORICO CON PARROCCHIALE CHE CONSERVA TRACCE DELLE ORIGINI ROMANICHE (XII SECOLO),./3.png
"164","165","2388",TORRE,Emergenza architettonica,TORRE DEL XIV SECOLO,./0.png
"83","84","936",PORRETTA TERME,Centro o nucleo storico,"CENTRO STORICO E CHIESA PARROCCHIALE DEL XVII SECOLO, CHIESA DI SANTA MARIA MADDALENA DEL XVI SECOLO",./3.png
"84","85","1184",SAN CRISTOFORO DI LABANTE,Centro o nucleo storico,"CHIESA SEICENTESCA, GROTTE IN TRAVERTINO  E CASCATE",./3.png
"85","86","1212",PALAZZO D'AFFRICO,Centro o nucleo storico,BORGO STORICO CON CON EDIFICI QUATTROCENTESCHI FRA CUI TRE TORRI,./3.png
"86","87","1269",LA SCOLA,Centro o nucleo storico,BORGO DI IMPIANTO MEDIEVALE CON EDIFICI DEI SECOLI XV-XVI,./3.png
"87","88","1272",STERPI,Centro o nucleo storico,NUCLEO CON EDIFICI DEL XVII SECOLO,./3.png
"88","89","2806",MONTEVEGLIO ALTO,Centro o nucleo storico,"ABBAZIA MATILDICA DI SANTA MARIA, FONDATA NELL'XI SECOLO SU PREESISTENTE EDIFICIO ANTERIORE AL IX SECOLO DI CUI SI CONSERVANO CRIPTA E ABSIDI, E CASTELLO TRECENTESCO DI CUI RESTANO IL PORTALE CON CAMMINO DI RONDA, MERLI A CODA DI RONDINE E TORRE MERLATA",./3.png
"89","90","3532",CASTIGLIONE DEI PEPOLI,Centro o nucleo storico,CENTRO STORICO BEN CONSERVATO CON PALAZZO COMUNALE EDIFICATO NEL XVI SECOLO,./3.png
"90","91","3561",RIO MAGGIO,Centro o nucleo storico,NUCLEO CON EDIFICI ASCRIVIBILI AL XV SECOLO,./3.png
"91","92","3579",SERRUCCE,Centro o nucleo storico,NUCLEO STORICO CON ELEMENTI ARCHITETTONICI DI PREGIO,./3.png
"92","93","3581",CA' MUSOLESI,Centro o nucleo storico,NUCLEO STORICO FONDATO DAI BENEDETTINI CON EDIFICI RISALENTI AI SECOLI XV E XVI,./3.png
"93","94","3954",ZACCANESCA,Centro o nucleo storico,BORGO CON EDIFICI RURALI DI PREGIO,./3.png
"94","95","3965",PIAN DEI GRILLI,Centro o nucleo storico,NUCLEO STORICO IN PARTE BEN CONSERVATO,./3.png
"95","96","4001",LA MARTINA,Centro o nucleo storico,BORGO BEN CONSERVATO,./3.png
"96","97","4009",POGGIO SANT'ANDREA,Centro o nucleo storico,NUCLEO RURALE DI ORIGINE MEDIEVALE BEN CONSERVATO,./3.png
"97","98","4037",SANTA LUCIA,Emergenza architettonica,CHIESA DELL'ABBAZIA CON CRIPTA ROMANICA,./0.png
"98","99","246",CHIESA VECCHIA DI VILLA D'AIANO,Emergenza architettonica,CHIESA CON CAMPANILE CINQUECENTESCO,./0.png
"99","100","248",CA' MENGOIA,Emergenza architettonica,TORRE CINQUECENTESCA,./0.png
"100","101","253",PIEVE DI ROFFENO,Emergenza architettonica,PIEVE ROMANICA DELL'ANNO MILLE,./0.png
"101","102","257",FAMATICCIA,Emergenza architettonica,TORRE COLOMBAIA DEL '600,./0.png
"102","103","268",LAVACCHIO,Emergenza architettonica,TORRE CINQUECENTESCA,./0.png
"103","104","273",COSTA DI DENTI,Emergenza architettonica,CAMPANILE CINQUECENTESCO,./0.png
"104","105","499",SANTUARIO MADONNA DI BRASA,Emergenza architettonica,SANTUARIO MADONNA DI BRASA,./0.png
"105","106","589",ROCCA CORNETA,Emergenza architettonica,TORRE DEL XIV SECOLO E SANTUARIO DEL XVI SECOLO,./0.png
"106","107","901",GUANELLA,Emergenza architettonica,TORRE DI ORIGINE TARDO MEDIEVALE,./0.png
"107","108","910",SANT'ILARIO,Emergenza architettonica,ORATORIO IN SASSO,./0.png
"108","109","979",CA' FERRARI,Emergenza architettonica,TORRE DEL XVI SECOLO,./0.png
"109","110","4779",VALMAGGIORE,Emergenza architettonica,CHIESA DEL XI SECOLO CON CIMITERO E TARGA CHE RICORDA IL PASSAGGIO DI PAPA GIULIO II NEL 1506,./0.png
"110","111","1180",SANTA MARIA DI LABANTE,Emergenza architettonica,CHIESA DI ORIGINE MEDIEVALE RIFATTA NEL 1670,./0.png
"111","112","1195",ROCCA DI ROFFENO,Emergenza architettonica,CHIESA DEL XVII SECOLO,./0.png
"112","113","1197",VILLE DI ROFFENO,Emergenza architettonica,CASA-TORRE MEDIEVALE,./0.png
"113","114","1215",CAPPELLA FRASCARI,Emergenza architettonica,ORATORIO DELLA META' DEL XVII SECOLO,./0.png
"114","115","1224",LA TORRACCIA,Emergenza architettonica,CASA-TORRE,./0.png
"115","116","1226",CA' MELATI,Emergenza architettonica,"CASA COMELLI, PALAZZO DEL XVI SECOLO",./0.png
"116","117","1252",MADONNA DEL CIGNO,Emergenza architettonica,"SANTUARIO DELLA MADONNA DEL CIGNO REALIZZATO NEL XVIII SECOLO, MA CON STRUTTURE PIU' ANTICHE RISALENTI AL XI SECOLO",./0.png
"117","118","1263",VIGO,Emergenza architettonica,CHIESA DEL XIX SECOLO COMPRENDENTE NELLA PARTE ABSIDALE UNA TORRE ROMANICA,./0.png
"118","119","1264",CA' DORE',Emergenza architettonica,CASA-TORRE DELLA META'  DEL XV SECOLO,./0.png
"119","120","1265",CA' BRUNETTI,Emergenza architettonica,CASA-TORRE DELLA SECONDA META'  DEL XV SECOLO,./0.png
"120","121","1271",ROCCHETTA MATTEI,Emergenza architettonica,PALAZZO DEL XIX SECOLO IN STILE ARABO MORESCO,./0.png
"121","122","1274",PREDOLO,Emergenza architettonica,CASA-TORRE DEL XV SECOLO,./0.png
"122","123","1571",SERETO DI VIGO,Emergenza architettonica,CASA-TORRE DEL XV SECOLO,./0.png
"123","124","1572",LA COSTA,Emergenza architettonica,EDIFICIO PADRONALE DEL XVI SECOLO,./0.png
"124","125","1577",MONTOVOLO,Emergenza architettonica,SANTUARIO DEL XIII SECOLO CON CRIPTA. PERCORSO COMMEMORATIVO ''RAGAZZI DEL SALVEMINI'',./0.png
"125","126","1578",ORATORIO DI SANTA CATERINA,Emergenza architettonica,STRUTTURA DEL XIII SECOLO CON AFFRESCHI QUATTROCENTESCHI,./0.png
"126","127","2748",FAGNANO,Emergenza architettonica,"CHIESA DI SANTA MARIA ASSUNTA, STRUTTURA DI ORIGINE PROTOROMANICA CON RIFACIMENTI DEL XVII E XIX SECOLO",./0.png
"127","128","2749",CA' DEI CASINI,Emergenza architettonica,EDIFICIO PADRONALE DI EPOCA SEI-SETTECENTESCA,./0.png
"128","129","1989",SAMOGGIA,Emergenza architettonica,CHIESA RINASCIMENTALE,./0.png
"129","130","59",CALVIGI,Emergenza architettonica,SANTUARIO  DELLA BEATA VERGINE (1635),./0.png
"130","131","3229",PALAZZO,Emergenza architettonica,"VILLA PADRONALE DEL XIX SECOLO, MA DI ORIGINE CINQUECENTESCA",./0.png
"131","132","3559",MONTORIO,Emergenza architettonica,EDIFICIO CON TORRE DATATA 1569,./0.png
"132","133","3571",CA' D'ONOFRIO,Emergenza architettonica,ORATORIO DI S.MARIA DELLA NEVE DEL '600 CON STRUTTURA A CAPANNA E FACCIATA CON PICCOLO ROSONE MONOLITICO,./0.png
"133","134","3948",OSPITALE DI MONZUNO,Emergenza architettonica,EDIFICIO RURALE IN SASSO DI ORIGINE TRECENTESCA GIA' OSPITALE PER I PELLEGRINI,./0.png
"134","135","3958",CA' NUOVA,Emergenza architettonica,INSEGNA DECORATIVA DEL MESTIERE SCOLPITA SULL'ARCHITRAVE,./0.png
"135","136","3959",MULINO MAZZONE,Emergenza architettonica,MULINO AD ACQUA BEN CONSERVATO,./0.png
"136","137","3970",MONGHIDORO,Emergenza architettonica,CIO' CHE RIMANE DEL MONASTERO S.MICHELE AD ALPES DEGLI OLIVETANI DEL XVI SECOLO,./0.png
"137","138","4309",TORRE DI DOCCIA,Emergenza architettonica,TORRE DA VIGNA,./0.png
"138","139","4311",MOLINO DELLA MADONNA,Emergenza architettonica,MULINO AD ACQUA BEN CONSERVATO,./0.png
"139","140","4320",PONTE ALIDOSI,Emergenza architettonica,PONTE IN PIETRA A SCHIENA D'ASINO RISALENTE AL XV SECOLO,./0.png
"140","141","4321",CASTEL DEL RIO,Emergenza architettonica,PALAZZO DEGLI ALIDOSI DEL XVI SECOLO,./0.png
"141","142","4328",MEDELANA,Emergenza architettonica,NUCLEO RISALENTE AL XVI-XVII SECOLO,./0.png
"143","144","4386",PALAZZO DEI ROSSI,Emergenza architettonica,PALAZZO E BORGO DEL XV SECOLO,./0.png
"144","145","4698",SAN LORENZO IN COLLINA,Emergenza architettonica,CHIESA DI SAN LORENZO ( XV SECOLO),./0.png
"145","146","4705",MADONNA DI SAN LUCA,Emergenza architettonica,SANTUARIO DI ORIGINE MEDIEVALE RICOSTRUITO NEL XVIII SECOLO,./0.png
"146","147","4715",CASTELLO DI ZENA,Emergenza architettonica,EDIFICIO COMPLESSO DI VARIE EPOCHE FRA XIV E XVII SECOLO,./0.png
"147","148","4716",TORRE DELL'EREDE,Emergenza architettonica,TORRE TRECENTESCA CON RIVESTIMENTO IN LEGNO MODERNO,./0.png
"148","149","4735",SAN GIOVANNI BATTISTA,Emergenza architettonica,CHIESA DEL XVII SECOLO,./0.png
"149","150","2532",CHIESA DI MAIOLA,Emergenza architettonica,CHIESA DI TRECENTESCA RICOSTRUITA NEL XX SECOLO CON CARATTERI NEOGOTICI,./0.png
"150","151","2533",MONGIORGIO,Emergenza architettonica,RESTI DI UN ANTICO CASTELLO RISALENTE AL X-XI SECOLO DANNEGGIATO DURANTE LA GUERRA,./0.png
"151","152","2534",CHIESA DI MONTE SEVERO,Emergenza architettonica,CHIESA SETTECENTESCA,./0.png
"152","153","2537",VIGNOLA DEI CONTI,Emergenza architettonica,CASE TORRI ASCRIVIBILI AL XV E XVI SECOLO,./0.png
"153","154","2864",FONTANA DI SPERTICANO,Emergenza architettonica,CASA-TORRE DEL '300 CON DUE CORNICIONI DI COLOMBAIA,./0.png
"154","155","3244",VILLA PALAZZO,Emergenza architettonica,VILLA NEOCLASSICA EDIFICATA DAI CONTI AGUCCHI COME RESIDENZA ESTIVA CIRCONDATA DA AMPIO PARCO ALL'INGLESE,./0.png
"155","156","3245",CORTE D'AIBO,Emergenza architettonica,NUCLEO RURALE CON RESTI DI TORRE MEDIEVALE,./0.png
"156","157","2045",CHIESA DI SANTA CROCE,Emergenza architettonica,DI ORIGINE CINQUECENTESCA RICOSTRUITA NEL 1878,./0.png
"157","158","2056",VEDETTOLA,Emergenza architettonica,TORRE DEL 1500,./0.png
"158","159","2362",TORRE LUSSI,Emergenza architettonica,PALAZZO DEL XVI SECOLO,./0.png
"159","160","2368",SANT'APOLLINARE,Emergenza architettonica,CHIESA MEDIEVALE RICOSTRUITA DEL TUTTO NEL XVII SECOLO,./0.png
"160","161","2375",SAN PROSPERO,Emergenza architettonica,CHIESA DEL 1681 COSTRUITA SUL MONTE IN CUI SORGEVA L'ANTICO CASTELLO DI SAVIGNO (XII SECOLO),./0.png
"161","162","2383",SAN CHIERLO,Emergenza architettonica,CHIESA SETTECENTESCA,./0.png
"162","163","2386",GAVIGNANO,Emergenza architettonica,CHIESA DI SAN PIETRO DI CUI SI HA NOTIZIA NEL 1155 E RISTRUTTURATA NEL '700,./0.png
"163","164","2387",MONZALE,Emergenza architettonica,TORRE COLOMBAIA DI ORIGINE QUATTROCENTESCA,./0.png
"165","166","2413",CASTELLO DI MONTASICO,Emergenza architettonica,RISALENTE AL XII SECOLO MA RESTAURATO NEL XIX,./0.png
"166","167","2414",MONTASICO,Emergenza architettonica,CHIESA CINQUECENTESCA,./0.png
"167","168","2425",MADONNA DI RODIANO,Emergenza architettonica,CHIESA SEICENTESCA,./0.png
"168","169","2437",TIOLA,Emergenza architettonica,"CHIESA DI S.MICHELE, ORIGINARIA DEL '300, RIEDIFICATA NEL '700 IN STILE NEOCLASSICO",./0.png
"169","170","2446",LA STELLA,Emergenza architettonica,CASA CHE INCORPORA UNA TORRE DEL XV SECOLO,./0.png
"170","171","5007",ROCCA TOSSIGNANO,Emergenza architettonica,RESTI DELLA ROCCA DEL XII SECOLO,./0.png
"171","172","442",PARROCCHIA DI CROARA,Emergenza architettonica,CHIESA COSTRUITA NEL 1950,./0.png
"172","173","449",VILLA MANUSARDI,Emergenza architettonica,VILLA OTTOCENTESCA CON POZZO A RUOTA,./0.png
"173","174","450",CASALFIUMANESE,Emergenza architettonica,LA PORTA DEL BORGO CONSERVA TRACCIA DEL CASTELLO MEDIEVALE,./0.png
"174","175","2139",PIAN DEL VOGLIO,Emergenza architettonica,PALAZZO CINQUECENTESCO APPARTENUTO ALLA FAMIGLIA DE' BIANCHI,./0.png
"175","176","2469",PIEVE DI PASTINO,Emergenza architettonica,ORATORIO CINQUECENTESCO CON TRACCE DELLA PREESISTENTE PIEVE DEL XII SECOLO DEDICATA A SAN GIOVANNI,./0.png
"176","177","2527",MONTEBUDELLO,Emergenza architettonica,"CHIESA DI S.ANDREA GIA' ESISTENTE NELL'XI SECOLO, MA RIFATTA NEL '600; TORRE COLOMBAIA CINQUECENTESCA",./0.png
"177","178","2528",STIORE,Emergenza architettonica,"ORATORIO DI S.EGIDIO RICOSTRUITO, DOPO UN TERREMOTO, NEL 1933",./0.png
"178","179","4825",TORRE LE MANDRIE,Emergenza architettonica,PRESENZA DI TORRE QUATTRO-CINQUECENTESCA COPERTA AD UNICA FALDA CON LUNETTA COLOMBAIA TAMPONATA,./0.png
"179","180","4826",CHIESA DI IANO,Emergenza architettonica,CHIESA E CAMPANILE DEL XVII SECOLO CON CANONICA NELLA QUALE SI TROVA INGLOBATA UNA TORRE CINQUECENTESCA,./0.png
"180","181","4827",VILLA FRANCIA,Emergenza architettonica,"VILLA COSTRUITA NEL 1787, DI NOTEVOLE EFFETTO SCENOGRAFICO LA FACCIATA PRINCIPALE CON LA SCALA CENTRALE E LE DUE TORRETTE ALLE ESTREMITA'",./0.png
"181","182","4828",CUPPIO DI SOPRA,Emergenza architettonica,RARO ESEMPIO DI CASA-FORTE DEL DUECENTO DAL GRANDE VALORE STORICO-ARCHITETTONICO,./0.png
"182","183","4829",CASA MORUZZI,Emergenza architettonica,EDIFICIO RURALE DEL CINQUECENTO CON CONCIO RECANTE INCISI I SIMBOLI DEI MAESTRI COMACINI,./0.png
"183","184","4830",I CERRETI,Emergenza architettonica,CASA PADRONALE CON TORRE DI ORIGINE SEICENTESCA,./0.png
"184","185","2116",VILLA TORRE,Emergenza architettonica,VILLA RISALENTE AL XVI SECOLO CON ANNESSO PICCOLO ORATORIO,./0.png
"185","186","1186",CASTEL DI CASIO,Emergenza architettonica,TORRE MEDIEVALE ALTA CIRCA TRENTA METRI SPEZZATA A META' IN VERTICALE,./0.png
"186","187","3276",PANICO,Emergenza architettonica,PIEVE ROMANICA DI S.LORENZO DELL'XI SECOLO DEL TIPO BASILICALE A TRE NAVATE CON ABSIDE SEMICIRCOLARE,./0.png
"187","188","3284",TORRE LAME,Emergenza architettonica,CASA TORRE DEL XV SECOLO,./0.png
"188","189","2117",PIZZOCALVO,Emergenza architettonica,CHIESETTA DI SANTA MARIA ASSUNTA GIA' ESISTENTE NEL XII SECOLO,./0.png
"189","190","2127",MADONNA DEI BOSCHI,Emergenza architettonica,ORATORIO RISALENTE AL XVII SECOLO,./0.png
"190","191","2128",SETTEFONTI,Emergenza architettonica,RUDERI DELA CHIESA DI S. MARIA ASSUNTA DI SETTEFONTI EDIFICATA NEL '600 SUI RESTI DELLA PRECEDENTE CHIESA TRECENTESCA. PRESENTI INOLTRE RESTI DI MURA DI UN ANTICO BORGO FORTIFICATO,./0.png
"191","192","2119",SIBERIA,Emergenza culturale,"TOPONIMO DIVUTO AL MICROCLIMA FREDDO ORIGINATO DALLA RISORGENTE DEL RIO ACQUAFREDDA, ORA SCOMPARSA",./0.png
"192","193","1230",MONTE GATTA,Emergenza culturale,RESTI DEL PRIMO OSSERVATORIO METEOROLOGICO COSTRUITO NELL' APPENNINO BOLOGNESE NEL 1892,./0.png
"194","195","3214",SANTUARIO DI BOCCA DI RIO,Emergenza culturale,RISALENTE AL XVI SECOLO E TRASFORMATO NEI SECOLI XVIII E XIX,./0.png
"195","196","3598",OSTERIA,Emergenza culturale,RESTI DELL'OSTERIA DEL FANTORNO DEL XIII SECOLO SITUATA SULLA VIABILITA' STORICA CHE COLLEGAVA BOLOGNA CON FIRENZE,./0.png
"196","197","3610",CA' GUGLIELMO,Emergenza culturale,MULINO AD ACQUA,./0.png
"197","198","3975",PIEVE DI SANT'ANDREA VAL SAVENA,Emergenza culturale,PIEVE RISALENTE AL XIV SECOLO E RIFATTA NEL 1850,./0.png
"198","199","3992",NECROPOLI DI MONTE BIBELE,Emergenza culturale,"ZONA ARCHEOLOGICA CON NECROPOLI ETRUSCO-CELTICA, ABITATO E DUE AREE DI CULTO (V-II SECOLO AC)",./0.png
"199","200","4340",CHIESA DI CASAGLIA E CIMITERO,Emergenza culturale,LUOGHI DELLA STRAGE DEL 28/29 SETTEMBRE 1944,./0.png
"200","201","4342",MONTE SOLE,Emergenza culturale,CIPPO COMMEMORATIVO DELLA BRIGATA PARTIGIANA STELLA ROSSA,./0.png
"201","202","4373",MULINO SCASCOLI,Emergenza culturale,RUDERE DEL VECCHIO MULINO AD ACQUA SUL TORRENTE SAVENA,./0.png
"202","203","4385",PONTECCHIO MARCONI,Emergenza culturale,"VILLA GRIFFONE (XVII SECOLO), MAUSOLEO DI MARCONI (1941) E MUSEO MARCONI",./0.png
"203","204","4724",MONTE DELLE FORMICHE,Emergenza culturale,SANTUARIO DI SANTA MARIA DI ZENA RICOSTRUITO NEL 1959 DOPO LA DISTRUZIONE DURANTE LA SECONDA GUERRA MONDIALE,./0.png
"204","205","2866",CERPIANE,Emergenza culturale,"RUDERI DELL'ORATORIO, DISTRUTTO DURANTE L'ECCIDIO DEL 29-30 SETTEMBRE 1944, CON SUGGESTIVO ARCO IN PIETRA DI RECENTE CONSOLIDATO",./0.png
"205","206","2049",MOLINO DEL NOTARO,Emergenza culturale,"COSTRUITO DA UN NOTAIO NEL 1700, TUTTORA FUNZIONANTE",./0.png
"206","207","441",CASA COLLINA,Emergenza culturale,"CIPPO CASA NATALE DI LUCA GHINI, BOTANICO DEL '500",./0.png
"207","208","1314",PONTI DI CROARA,Emergenza culturale,ANTICHE STRUTTURE DI SOSTEGNO DELLA STRADA MAESTRA CHE PERCORREVA LA CRESTA CALANCHIVA,./0.png
"208","209","2153",EX-CAVA A FILO,Emergenza culturale,UNICA CAVA NELL'AREA DEL PARCO IN CUI VENIVA UTILIZZATO IL FILO ELICOIDALE PER L'ESTRAZIONE DEL GESSO. DI PARTICOLARE INTERESSE PALEONTOLOGICO PER IL RITROVAMENTO DI REPERTI DELL'EPOCA WURMIANA,./0.png
"209","210","4015",MONTE CASTELLO,Emergenza culturale,POSTAZIONI DELLA SECONDA GUERRA MONDIALE CON TABELLONI ILLUSTRATIVI,./0.png
"210","211","2115",VIA DEL PILASTRINO,Emergenza culturale,PILASTRINO SEICENTESCO CHE SEGNALA IL LUOGO OVE SORGEVA IL MONASTERO CAMALDOLESE DI S. CRISTINA,./0.png
"211","212","3277",MONTE CAPRARA,Emergenza culturale,"TRINCEE TEDESCHE DELLA SECONDA GUERRA MONDIALE, IN VIA DI RECUPERO GLI ACQUARTIERAMENTI MILITARI",./0.png
"212","213","3278",CAPRARA DI SOTTO,Emergenza culturale,"RUDERI DEL BORGO, DISTRUTTO DAI TEDESCHI DURANTE L'ECCIDDIO DI MARZABOTTO",./0.png
"213","214","3279",SAN MARTINO,Emergenza culturale,"RUDERI DEL BORGO DI SAN MARTINO, DISTRUTTO DAI TEDESCHI DURANTE L'ECCIDDIO DI MARZABOTTO",./0.png
"214","215","3280",MONTE SALVARO,Emergenza culturale,TRINCEE TEDESCHE DELLA SECONDA GUERRA MONDIALE,./0.png
"215","216","4042",MULINO DI GEA,Emergenza culturale,MULINO AD ACQUA,./0.png
"216","217","262",TRINCEE DI RIODOMELLO,Emergenza culturale,RESTI DI TRINCEE DELLA 2a GUERRA MONDIALE CON CIPPO E CROCE ALLA MEMORIA DEI CADUTI,./0.png
"217","218","284",TRINCEE M.TE DELLA SPE,Emergenza culturale,RESTI DI TRINCEE DELLA 2a GUERRA MONDIALE,./0.png
"218","219","292",TRINCEE,Emergenza culturale,RESTI DI TRINCEE DELLA 2a GUERRA MONDIALE,./0.png
"219","220","493",SAN MICHELE IN BOSCO,Emergenza culturale,CHIESA DI SAN MICHELE IN BOSCO SEC. XV,./0.png
"220","221","332",MOLINO DEL CAPO,Emergenza culturale,MULINO AD ACQUA CON PREGEVOLE MAESTA' IN CERAMICA,./0.png
"221","222","366",MADONNA DELL'ACERO,Emergenza culturale,SANTUARIO DEL XVI SECOLO,./0.png
"222","223","591",PIZZO DI CAMPOVECCHIO,Emergenza culturale,TRACCE DI TRINCEE DELLA LINEA GOTICA (LINEA VERDE) E POSTAZIONI D'ARMI AUTOMATICHE,./0.png
"223","224","627",MADONNA DEL FAGGIO,Emergenza culturale,SANTUARIO SEICENTESCO,./0.png
"224","225","680",MONTE BELVEDERE DI GAGGIO MONTANO,Emergenza culturale,TRINCEE DELLA LINEA GOTICA E RUDERI DI CASTELLO MEDIEVALE,./0.png
"225","226","4787",MONTE DELL'ACQUA SALATA,Emergenza culturale,RESTI DI TRINCEE DELLA SECONDA GUERRA MONDIALE,./0.png
"226","227","4788",RINEGGIO,Emergenza culturale,PONTE BAYLEY DELLA SECONDA GUERRA MONDIALE,./0.png
"227","228","980",POVOLO,Emergenza culturale,ANTICO MULINO TUTTORA FUNZIONANTE,./0.png
"228","229","4035",CASTELLUCCIO,Altro,TRINCEE TEDESCHE DELLA SECONDA GUERRA MONDIALE (1944/45),./4.png
